{"aaa": 10.111, "nnn": 8.946374893188477, "mmm": 7.294743537902832, "kkk": 9.796883344650269}